[{"model": "shop.category", "pk": 1, "fields": {"name": "Mobile", "link": "mobile/"}}, {"model": "shop.category", "pk": 2, "fields": {"name": "Laptop", "link": "laptop/"}}, {"model": "shop.brand", "pk": 1, "fields": {"name": "Apple", "link": "apple/"}}, {"model": "shop.brand", "pk": 2, "fields": {"name": "Samsung", "link": "samsung/"}}, {"model": "shop.brand", "pk": 3, "fields": {"name": "Microsoft", "link": "microsoft/"}}, {"model": "shop.brand", "pk": 4, "fields": {"name": "Xiaomi", "link": "xiaomi/"}}, {"model": "shop.brand", "pk": 5, "fields": {"name": "HP", "link": "hp/"}}, {"model": "shop.brand", "pk": 6, "fields": {"name": "Asus", "link": "asus/"}}, {"model": "shop.brand", "pk": 7, "fields": {"name": "Lenovo", "link": "lenevo/"}}, {"model": "shop.product", "pk": 1, "fields": {"name": "iPhone 14 Pro Max 256GB/6GB", "link": "iphone-14-pro-max-256-6/", "price": 52600000, "no": 1, "brand": 1, "category": 1, "views": 12}}, {"model": "shop.product", "pk": 2, "fields": {"name": "iPhone 13 Pro Max 256GB/6GB", "link": "iphone-13-pro-max-256-6/", "price": 52689000, "no": 2, "brand": 1, "category": 1, "views": 14}}, {"model": "shop.product", "pk": 3, "fields": {"name": "S22 Ultra 256/12 Snapdragon", "link": "samsung-s22-ultra-256-12-sd/", "price": 40900000, "no": 0, "brand": 2, "category": 1, "views": 21}}, {"model": "shop.product", "pk": 4, "fields": {"name": "S22 Plus 128/8 Snapdragon", "link": "samsung-s22-plus-128-8-sd/", "price": 31800000, "no": 8, "brand": 2, "category": 1, "views": 3}}, {"model": "shop.product", "pk": 5, "fields": {"name": "Mi11 Ultra 512/12 China", "link": "xiaomi-mi11-ultra-512-12-china/", "price": 28990000, "no": 7, "brand": 4, "category": 1, "views": 10}}, {"model": "shop.product", "pk": 6, "fields": {"name": "12S Ultra 256/8", "link": "xiaomi-12s-ultra-256-8/", "price": 37299000, "no": 0, "brand": 4, "category": 1, "views": 16}}, {"model": "shop.product", "pk": 7, "fields": {"name": "MacBook Air-A M2 2022", "link": "macbook-air-a-m2-2022/", "price": 54990000, "no": 9, "brand": 1, "category": 2, "views": 6}}, {"model": "shop.product", "pk": 8, "fields": {"name": "MacBook Air MGN63 2020", "link": "macbook-air-mgn63-2020/", "price": 33430000, "no": 5, "brand": 1, "category": 2, "views": 6}}, {"model": "shop.product", "pk": 9, "fields": {"name": "Surface Studio - A", "link": "microsoft-surface-studio-a/", "price": 113700000, "no": 0, "brand": 3, "category": 2, "views": 13}}, {"model": "shop.product", "pk": 10, "fields": {"name": "Surface 4 - E", "link": "microsoft-surface-4-e/", "price": 53900000, "no": 8, "brand": 3, "category": 2, "views": 5}}, {"model": "shop.product", "pk": 11, "fields": {"name": "Pavilion Gaming DK1019-D", "link": "pavilion-gaming-dk1019-d/", "price": 41190000, "no": 4, "brand": 5, "category": 2, "views": 16}}, {"model": "shop.product", "pk": 12, "fields": {"name": "ZenBook Duo 14 UX482EGR-HY355W", "link": "zenbook-duo-14-ux482egr-hy355w/", "price": 48150000, "no": 2, "brand": 6, "category": 2, "views": 2}}, {"model": "shop.product", "pk": 13, "fields": {"name": "MacBook Pro MK193 2021", "link": "macbook-pro-mk193-2021/", "price": 85490000, "no": 3, "brand": 1, "category": 2, "views": 4}}, {"model": "shop.product", "pk": 14, "fields": {"name": "IdeaPad 3 15ITL6", "link": "ideapad-3-15itl6/", "price": 18600000, "no": 3, "brand": 7, "category": 2, "views": 15}}, {"model": "shop.mobile", "pk": 1, "fields": {"product": 1, "size": 6.7, "display_type": "LTPO Super Retina XDR OLED", "camera_resolution": 48, "os": "iOS 16"}}, {"model": "shop.mobile", "pk": 2, "fields": {"product": 2, "size": 6.7, "display_type": "Super Retina XDR OLED", "camera_resolution": 12, "os": "iOS 15"}}, {"model": "shop.mobile", "pk": 3, "fields": {"product": 3, "size": 6.8, "display_type": "Dynamic AMOLED 2X", "camera_resolution": 108, "os": "Android 11"}}, {"model": "shop.mobile", "pk": 4, "fields": {"product": 4, "size": 6.6, "display_type": "Dynamic AMOLED 2X", "camera_resolution": 50, "os": "Android 12"}}, {"model": "shop.mobile", "pk": 5, "fields": {"product": 5, "size": 6.81, "display_type": "AMOLED", "camera_resolution": 50, "os": "Android 11"}}, {"model": "shop.mobile", "pk": 6, "fields": {"product": 6, "size": 6.73, "display_type": "LTPO AMOLED", "camera_resolution": 50, "os": "Android 12"}}, {"model": "shop.laptop", "pk": 1, "fields": {"product": 7, "size": 13.6, "cpu_serie": "M2", "ram": 8, "ram_type": "Unified", "graphic_brand": "Apple", "resolution": "2560x1664"}}, {"model": "shop.laptop", "pk": 2, "fields": {"product": 8, "size": 13.3, "cpu_serie": "M1", "ram": 8, "ram_type": "Unified", "graphic_brand": "Apple", "resolution": "QHD|2560x1600"}}, {"model": "shop.laptop", "pk": 3, "fields": {"product": 9, "size": 14.4, "cpu_serie": "Core i7", "ram": 32, "ram_type": "DDR4", "graphic_brand": "NVIDIA", "resolution": "2400x1600"}}, {"model": "shop.laptop", "pk": 4, "fields": {"product": 10, "size": 13.5, "cpu_serie": "Core i7", "ram": 16, "ram_type": "LPDDR4X", "graphic_brand": "Intel", "resolution": "2256x1504"}}, {"model": "shop.laptop", "pk": 5, "fields": {"product": 11, "size": 15.0, "cpu_serie": "Core i7", "ram": 32, "ram_type": "DDR4", "graphic_brand": "NVIDIA", "resolution": "Full HD| 1920 x1080"}}, {"model": "shop.laptop", "pk": 6, "fields": {"product": 12, "size": 14.0, "cpu_serie": "Core i7", "ram": 16, "ram_type": "DDR4", "graphic_brand": "Intel", "resolution": "Full HD| 1920 x1080"}}, {"model": "shop.laptop", "pk": 7, "fields": {"product": 13, "size": 16.2, "cpu_serie": "M1", "ram": 16, "ram_type": "Unified", "graphic_brand": "Apple", "resolution": "3456x2234"}}, {"model": "shop.laptop", "pk": 8, "fields": {"product": 14, "size": 15.6, "cpu_serie": "Core i5", "ram": 8, "ram_type": "DDR4", "graphic_brand": "NVIDIA", "resolution": "1080×1920"}}, {"model": "shop.header", "pk": 1, "fields": {"product": 7, "sub_title": "مک‌بوک ایر M2 2022", "description": "سبک‌تر و باریک‌تر از گذشته، خوش‌ساخت مثل همیشه", "image": "macbook-air-m2-2022.png"}}, {"model": "shop.header", "pk": 2, "fields": {"product": 6, "sub_title": "شیائومی ۱۲اس اولترا", "description": "شیائومی 12S اولترا معرفی شد؛ پرچم‌دار تمام‌عیار Xiaomi با دوربین غول‌آسا، لنز لایکا و حسگر یک اینچی", "image": "xiaomi-12s-ultra.png"}}, {"model": "shop.special_off", "pk": 1, "fields": {"product": 11, "image": "laptop/pavilion-gaming-dk1019-d-0.jpg", "time": "2022-12-04T20:30:00Z", "price": 45766667, "off": 10, "detail_1": "پردازنده Core i7", "detail_2": "رم 32 گیگابایت", "detail_3": "سایز 15 اینچ"}}, {"model": "shop.image", "pk": 1, "fields": {"image": 1, "link": "iphone-14-pro-max-0.jpg"}}, {"model": "shop.image", "pk": 2, "fields": {"image": 1, "link": "iphone-14-pro-max-1.jpg"}}, {"model": "shop.image", "pk": 3, "fields": {"image": 1, "link": "iphone-14-pro-max-2.jpg"}}, {"model": "shop.image", "pk": 4, "fields": {"image": 1, "link": "iphone-14-pro-max-3.jpg"}}, {"model": "shop.image", "pk": 5, "fields": {"image": 1, "link": "iphone-14-pro-max-4.jpg"}}, {"model": "shop.image", "pk": 6, "fields": {"image": 1, "link": "iphone-14-pro-max-5.jpg"}}, {"model": "shop.image", "pk": 7, "fields": {"image": 1, "link": "iphone-14-pro-max-6.jpg"}}, {"model": "shop.image", "pk": 8, "fields": {"image": 2, "link": "iphone-13-pro-max-0.jpg"}}, {"model": "shop.image", "pk": 9, "fields": {"image": 2, "link": "iphone-13-pro-max-1.jpg"}}, {"model": "shop.image", "pk": 10, "fields": {"image": 2, "link": "iphone-13-pro-max-2.jpg"}}, {"model": "shop.image", "pk": 11, "fields": {"image": 2, "link": "iphone-13-pro-max-3.jpg"}}, {"model": "shop.image", "pk": 12, "fields": {"image": 2, "link": "iphone-13-pro-max-4.jpg"}}, {"model": "shop.image", "pk": 13, "fields": {"image": 2, "link": "iphone-13-pro-max-5.jpg"}}, {"model": "shop.image", "pk": 14, "fields": {"image": 2, "link": "iphone-13-pro-max-6.jpg"}}, {"model": "shop.image", "pk": 15, "fields": {"image": 3, "link": "samsung-s22-ultra-0.jpg"}}, {"model": "shop.image", "pk": 16, "fields": {"image": 3, "link": "samsung-s22-ultra-1.jpg"}}, {"model": "shop.image", "pk": 17, "fields": {"image": 3, "link": "samsung-s22-ultra-2.jpg"}}, {"model": "shop.image", "pk": 18, "fields": {"image": 3, "link": "samsung-s22-ultra-3.jpg"}}, {"model": "shop.image", "pk": 19, "fields": {"image": 3, "link": "samsung-s22-ultra-4.jpg"}}, {"model": "shop.image", "pk": 20, "fields": {"image": 3, "link": "samsung-s22-ultra-5.jpg"}}, {"model": "shop.image", "pk": 21, "fields": {"image": 3, "link": "samsung-s22-ultra-6.jpg"}}, {"model": "shop.image", "pk": 22, "fields": {"image": 4, "link": "samsung-s22-plus-0.jpg"}}, {"model": "shop.image", "pk": 23, "fields": {"image": 4, "link": "samsung-s22-plus-1.jpg"}}, {"model": "shop.image", "pk": 24, "fields": {"image": 4, "link": "samsung-s22-plus-2.jpg"}}, {"model": "shop.image", "pk": 25, "fields": {"image": 4, "link": "samsung-s22-plus-3.jpg"}}, {"model": "shop.image", "pk": 26, "fields": {"image": 4, "link": "samsung-s22-plus-4.jpg"}}, {"model": "shop.image", "pk": 27, "fields": {"image": 4, "link": "samsung-s22-plus-5.jpg"}}, {"model": "shop.image", "pk": 28, "fields": {"image": 4, "link": "samsung-s22-plus-6.jpg"}}, {"model": "shop.image", "pk": 29, "fields": {"image": 5, "link": "xiaomi-mi11-ultra-0.jpg"}}, {"model": "shop.image", "pk": 30, "fields": {"image": 5, "link": "xiaomi-mi11-ultra-1.jpg"}}, {"model": "shop.image", "pk": 31, "fields": {"image": 5, "link": "xiaomi-mi11-ultra-2.jpg"}}, {"model": "shop.image", "pk": 32, "fields": {"image": 5, "link": "xiaomi-mi11-ultra-3.jpg"}}, {"model": "shop.image", "pk": 33, "fields": {"image": 5, "link": "xiaomi-mi11-ultra-4.jpg"}}, {"model": "shop.image", "pk": 34, "fields": {"image": 5, "link": "xiaomi-mi11-ultra-5.jpg"}}, {"model": "shop.image", "pk": 35, "fields": {"image": 5, "link": "xiaomi-mi11-ultra-6.jpg"}}, {"model": "shop.image", "pk": 36, "fields": {"image": 6, "link": "xiaomi-12s-ultra-0.png"}}, {"model": "shop.image", "pk": 37, "fields": {"image": 6, "link": "xiaomi-12s-ultra-1.jpg"}}, {"model": "shop.image", "pk": 38, "fields": {"image": 6, "link": "xiaomi-12s-ultra-2.jpg"}}, {"model": "shop.image", "pk": 39, "fields": {"image": 6, "link": "xiaomi-12s-ultra-3.jpg"}}, {"model": "shop.image", "pk": 40, "fields": {"image": 6, "link": "xiaomi-12s-ultra-4.jpg"}}, {"model": "shop.image", "pk": 41, "fields": {"image": 6, "link": "xiaomi-12s-ultra-5.jpg"}}, {"model": "shop.image", "pk": 42, "fields": {"image": 6, "link": "xiaomi-12s-ultra-6.jpg"}}, {"model": "shop.image", "pk": 43, "fields": {"image": 7, "link": "macbook-air-a-m2-2022-0.jpg"}}, {"model": "shop.image", "pk": 44, "fields": {"image": 7, "link": "macbook-air-a-m2-2022-1.jpg"}}, {"model": "shop.image", "pk": 45, "fields": {"image": 7, "link": "macbook-air-a-m2-2022-2.jpg"}}, {"model": "shop.image", "pk": 46, "fields": {"image": 7, "link": "macbook-air-a-m2-2022-3.jpg"}}, {"model": "shop.image", "pk": 47, "fields": {"image": 7, "link": "macbook-air-a-m2-2022-4.jpg"}}, {"model": "shop.image", "pk": 48, "fields": {"image": 7, "link": "macbook-air-a-m2-2022-5.jpg"}}, {"model": "shop.image", "pk": 49, "fields": {"image": 8, "link": "macbook-air-mgn63-2020-0.jpg"}}, {"model": "shop.image", "pk": 50, "fields": {"image": 8, "link": "macbook-air-mgn63-2020-1.jpg"}}, {"model": "shop.image", "pk": 51, "fields": {"image": 8, "link": "macbook-air-mgn63-2020-2.jpg"}}, {"model": "shop.image", "pk": 52, "fields": {"image": 8, "link": "macbook-air-mgn63-2020-3.jpg"}}, {"model": "shop.image", "pk": 53, "fields": {"image": 8, "link": "macbook-air-mgn63-2020-4.jpg"}}, {"model": "shop.image", "pk": 54, "fields": {"image": 8, "link": "macbook-air-mgn63-2020-5.jpg"}}, {"model": "shop.image", "pk": 55, "fields": {"image": 9, "link": "microsoft-surface-studio-a-0.jpg"}}, {"model": "shop.image", "pk": 56, "fields": {"image": 9, "link": "microsoft-surface-studio-a-1.jpg"}}, {"model": "shop.image", "pk": 57, "fields": {"image": 9, "link": "microsoft-surface-studio-a-2.jpg"}}, {"model": "shop.image", "pk": 58, "fields": {"image": 9, "link": "microsoft-surface-studio-a-3.jpg"}}, {"model": "shop.image", "pk": 59, "fields": {"image": 9, "link": "microsoft-surface-studio-a-4.jpg"}}, {"model": "shop.image", "pk": 60, "fields": {"image": 9, "link": "microsoft-surface-studio-a-5.jpg"}}, {"model": "shop.image", "pk": 61, "fields": {"image": 10, "link": "microsoft-surface-4-e-0.jpg"}}, {"model": "shop.image", "pk": 62, "fields": {"image": 10, "link": "microsoft-surface-4-e-1.jpg"}}, {"model": "shop.image", "pk": 63, "fields": {"image": 10, "link": "microsoft-surface-4-e-2.jpg"}}, {"model": "shop.image", "pk": 64, "fields": {"image": 10, "link": "microsoft-surface-4-e-3.jpg"}}, {"model": "shop.image", "pk": 65, "fields": {"image": 10, "link": "microsoft-surface-4-e-4.jpg"}}, {"model": "shop.image", "pk": 66, "fields": {"image": 10, "link": "microsoft-surface-4-e-5.jpg"}}, {"model": "shop.image", "pk": 67, "fields": {"image": 11, "link": "pavilion-gaming-dk1019-d-0.jpg"}}, {"model": "shop.image", "pk": 68, "fields": {"image": 11, "link": "pavilion-gaming-dk1019-d-1.jpg"}}, {"model": "shop.image", "pk": 69, "fields": {"image": 11, "link": "pavilion-gaming-dk1019-d-2.jpg"}}, {"model": "shop.image", "pk": 70, "fields": {"image": 11, "link": "pavilion-gaming-dk1019-d-3.jpg"}}, {"model": "shop.image", "pk": 71, "fields": {"image": 11, "link": "pavilion-gaming-dk1019-d-4.jpg"}}, {"model": "shop.image", "pk": 72, "fields": {"image": 11, "link": "pavilion-gaming-dk1019-d-5.jpg"}}, {"model": "shop.image", "pk": 73, "fields": {"image": 12, "link": "zenbook-duo-14-ux482egr-hy355w-0.jpg"}}, {"model": "shop.image", "pk": 74, "fields": {"image": 12, "link": "zenbook-duo-14-ux482egr-hy355w-1.jpg"}}, {"model": "shop.image", "pk": 75, "fields": {"image": 12, "link": "zenbook-duo-14-ux482egr-hy355w-2.jpg"}}, {"model": "shop.image", "pk": 76, "fields": {"image": 12, "link": "zenbook-duo-14-ux482egr-hy355w-3.jpg"}}, {"model": "shop.image", "pk": 77, "fields": {"image": 12, "link": "zenbook-duo-14-ux482egr-hy355w-4.jpg"}}, {"model": "shop.image", "pk": 78, "fields": {"image": 12, "link": "zenbook-duo-14-ux482egr-hy355w-5.jpg"}}, {"model": "shop.image", "pk": 79, "fields": {"image": 13, "link": "macbook-pro-mk193-2021-0.jpg"}}, {"model": "shop.image", "pk": 80, "fields": {"image": 13, "link": "macbook-pro-mk193-2021-1.jpg"}}, {"model": "shop.image", "pk": 81, "fields": {"image": 13, "link": "macbook-pro-mk193-2021-2.jpg"}}, {"model": "shop.image", "pk": 82, "fields": {"image": 13, "link": "macbook-pro-mk193-2021-3.jpg"}}, {"model": "shop.image", "pk": 83, "fields": {"image": 13, "link": "macbook-pro-mk193-2021-4.jpg"}}, {"model": "shop.image", "pk": 84, "fields": {"image": 13, "link": "macbook-pro-mk193-2021-5.jpg"}}, {"model": "shop.image", "pk": 85, "fields": {"image": 14, "link": "ideapad-3-15itl6-0.jpg"}}, {"model": "shop.image", "pk": 86, "fields": {"image": 14, "link": "ideapad-3-15itl6-1.jpg"}}, {"model": "shop.image", "pk": 87, "fields": {"image": 14, "link": "ideapad-3-15itl6-2.jpg"}}, {"model": "shop.image", "pk": 88, "fields": {"image": 14, "link": "ideapad-3-15itl6-3.jpg"}}, {"model": "shop.image", "pk": 89, "fields": {"image": 14, "link": "ideapad-3-15itl6-4.jpg"}}, {"model": "shop.image", "pk": 90, "fields": {"image": 14, "link": "ideapad-3-15itl6-5.jpg"}}, {"model": "admin.logentry", "pk": 1, "fields": {"action_time": "2022-11-26T09:17:33.457Z", "user": 1, "content_type": 9, "object_id": "1", "object_repr": "mobile", "action_flag": 1, "change_message": "[{\"added\": {}}]"}}, {"model": "admin.logentry", "pk": 2, "fields": {"action_time": "2022-11-26T09:44:32.835Z", "user": 1, "content_type": 8, "object_id": "1", "object_repr": "IPhone 14 Pro Max 256GB/6GB", "action_flag": 1, "change_message": "[{\"added\": {}}]"}}, {"model": "admin.logentry", "pk": 3, "fields": {"action_time": "2022-11-26T09:45:34.438Z", "user": 1, "content_type": 7, "object_id": "1", "object_repr": "iphone-14-pro-max.jpg", "action_flag": 1, "change_message": "[{\"added\": {}}]"}}, {"model": "admin.logentry", "pk": 4, "fields": {"action_time": "2022-11-26T18:09:44.650Z", "user": 1, "content_type": 8, "object_id": "1", "object_repr": "IPhone 14 Pro Max 256GB/6GB", "action_flag": 2, "change_message": "[{\"changed\": {\"fields\": [\"Link\", \"Price\"]}}]"}}, {"model": "admin.logentry", "pk": 5, "fields": {"action_time": "2022-11-26T18:56:23.026Z", "user": 1, "content_type": 9, "object_id": "1", "object_repr": "Mobile", "action_flag": 2, "change_message": "[{\"changed\": {\"fields\": [\"Name\"]}}]"}}, {"model": "admin.logentry", "pk": 6, "fields": {"action_time": "2022-11-26T19:05:04.629Z", "user": 1, "content_type": 7, "object_id": "1", "object_repr": "IPhone 14 Pro Max Yellow", "action_flag": 1, "change_message": "[{\"added\": {}}]"}}, {"model": "admin.logentry", "pk": 7, "fields": {"action_time": "2022-11-26T19:05:37.251Z", "user": 1, "content_type": 8, "object_id": "1", "object_repr": "IPhone 14 Pro Max 256GB/6GB", "action_flag": 1, "change_message": "[{\"added\": {}}]"}}, {"model": "admin.logentry", "pk": 8, "fields": {"action_time": "2022-11-26T19:12:57.624Z", "user": 1, "content_type": 7, "object_id": "1", "object_repr": "IPhone 14 Pro Max Gold", "action_flag": 2, "change_message": "[{\"changed\": {\"fields\": [\"Name\", \"Link\"]}}]"}}, {"model": "admin.logentry", "pk": 9, "fields": {"action_time": "2022-11-26T19:15:39.829Z", "user": 1, "content_type": 7, "object_id": "2", "object_repr": "IPhone 13 Pro Max 256GB/6GB", "action_flag": 1, "change_message": "[{\"added\": {}}]"}}, {"model": "admin.logentry", "pk": 10, "fields": {"action_time": "2022-11-26T19:16:04.907Z", "user": 1, "content_type": 7, "object_id": "2", "object_repr": "IPhone 13 Pro Max Blue", "action_flag": 2, "change_message": "[{\"changed\": {\"fields\": [\"Name\", \"Link\"]}}]"}}, {"model": "admin.logentry", "pk": 11, "fields": {"action_time": "2022-11-26T19:17:31.581Z", "user": 1, "content_type": 8, "object_id": "2", "object_repr": "IPhone 13 Pro Max 256GB/6GB", "action_flag": 1, "change_message": "[{\"added\": {}}]"}}, {"model": "admin.logentry", "pk": 12, "fields": {"action_time": "2022-11-26T19:21:32.495Z", "user": 1, "content_type": 7, "object_id": "3", "object_repr": "Samsung S22 Ultra Gray", "action_flag": 1, "change_message": "[{\"added\": {}}]"}}, {"model": "admin.logentry", "pk": 13, "fields": {"action_time": "2022-11-26T19:22:54.264Z", "user": 1, "content_type": 8, "object_id": "3", "object_repr": "Samsung S22 Ultra 256/12", "action_flag": 1, "change_message": "[{\"added\": {}}]"}}, {"model": "admin.logentry", "pk": 14, "fields": {"action_time": "2022-11-26T19:24:50.103Z", "user": 1, "content_type": 8, "object_id": "3", "object_repr": "Samsung S22 Ultra 256/12 Snapdragon", "action_flag": 2, "change_message": "[{\"changed\": {\"fields\": [\"Name\"]}}]"}}, {"model": "admin.logentry", "pk": 15, "fields": {"action_time": "2022-11-26T19:25:55.946Z", "user": 1, "content_type": 7, "object_id": "4", "object_repr": "Samsung S22 Plus 128/8", "action_flag": 1, "change_message": "[{\"added\": {}}]"}}, {"model": "admin.logentry", "pk": 16, "fields": {"action_time": "2022-11-26T19:26:12.066Z", "user": 1, "content_type": 7, "object_id": "4", "object_repr": "Samsung S22 Plus 128/8", "action_flag": 2, "change_message": "[{\"changed\": {\"fields\": [\"Link\"]}}]"}}, {"model": "admin.logentry", "pk": 17, "fields": {"action_time": "2022-11-26T19:26:55.318Z", "user": 1, "content_type": 8, "object_id": "4", "object_repr": "Samsung S22 Plus 128/8", "action_flag": 1, "change_message": "[{\"added\": {}}]"}}, {"model": "admin.logentry", "pk": 18, "fields": {"action_time": "2022-11-26T19:27:11.227Z", "user": 1, "content_type": 7, "object_id": "4", "object_repr": "Samsung S22 Plus Green", "action_flag": 2, "change_message": "[{\"changed\": {\"fields\": [\"Name\"]}}]"}}, {"model": "admin.logentry", "pk": 19, "fields": {"action_time": "2022-11-26T19:27:24.701Z", "user": 1, "content_type": 7, "object_id": "2", "object_repr": "IPhone 13 Pro Max Blue", "action_flag": 2, "change_message": "[{\"changed\": {\"fields\": [\"Link\"]}}]"}}, {"model": "admin.logentry", "pk": 20, "fields": {"action_time": "2022-11-26T20:06:44.283Z", "user": 1, "content_type": 8, "object_id": "4", "object_repr": "Samsung S22 Plus 128/8 Snapdragon", "action_flag": 2, "change_message": "[{\"changed\": {\"fields\": [\"Name\"]}}]"}}, {"model": "admin.logentry", "pk": 21, "fields": {"action_time": "2022-11-26T20:12:21.317Z", "user": 1, "content_type": 7, "object_id": "5", "object_repr": "Xiaomi Mi11 Ultra", "action_flag": 1, "change_message": "[{\"added\": {}}]"}}, {"model": "admin.logentry", "pk": 22, "fields": {"action_time": "2022-11-26T20:14:28.057Z", "user": 1, "content_type": 8, "object_id": "5", "object_repr": "Xiaomi Mi11 Ultra", "action_flag": 1, "change_message": "[{\"added\": {}}]"}}, {"model": "admin.logentry", "pk": 23, "fields": {"action_time": "2022-11-26T20:14:38.963Z", "user": 1, "content_type": 7, "object_id": "5", "object_repr": "Xiaomi Mi11 Ultra Black", "action_flag": 2, "change_message": "[{\"changed\": {\"fields\": [\"Name\"]}}]"}}, {"model": "admin.logentry", "pk": 24, "fields": {"action_time": "2022-11-26T20:15:09.414Z", "user": 1, "content_type": 8, "object_id": "5", "object_repr": "Xiaomi Mi11 Ultra 512/12 China", "action_flag": 2, "change_message": "[{\"changed\": {\"fields\": [\"Name\"]}}]"}}, {"model": "admin.logentry", "pk": 25, "fields": {"action_time": "2022-11-26T20:23:40.231Z", "user": 1, "content_type": 7, "object_id": "6", "object_repr": "Xiaomi 12S Ultra 256/8", "action_flag": 1, "change_message": "[{\"added\": {}}]"}}, {"model": "admin.logentry", "pk": 26, "fields": {"action_time": "2022-11-26T20:24:42.472Z", "user": 1, "content_type": 8, "object_id": "6", "object_repr": "Xiaomi 12S Ultra 256/8", "action_flag": 1, "change_message": "[{\"added\": {}}]"}}, {"model": "admin.logentry", "pk": 27, "fields": {"action_time": "2022-11-26T20:24:52.093Z", "user": 1, "content_type": 8, "object_id": "4", "object_repr": "Samsung S22 Plus 128/8 Snapdragon", "action_flag": 2, "change_message": "[{\"changed\": {\"fields\": [\"Link\"]}}]"}}, {"model": "admin.logentry", "pk": 28, "fields": {"action_time": "2022-11-26T20:24:58.684Z", "user": 1, "content_type": 8, "object_id": "3", "object_repr": "Samsung S22 Ultra 256/12 Snapdragon", "action_flag": 2, "change_message": "[{\"changed\": {\"fields\": [\"Link\"]}}]"}}, {"model": "admin.logentry", "pk": 29, "fields": {"action_time": "2022-11-26T20:25:23.737Z", "user": 1, "content_type": 7, "object_id": "6", "object_repr": "Xiaomi 12S Ultra Black", "action_flag": 2, "change_message": "[{\"changed\": {\"fields\": [\"Name\", \"Link\"]}}]"}}, {"model": "admin.logentry", "pk": 30, "fields": {"action_time": "2022-11-26T21:26:10.977Z", "user": 1, "content_type": 9, "object_id": "2", "object_repr": "Laptop", "action_flag": 1, "change_message": "[{\"added\": {}}]"}}, {"model": "admin.logentry", "pk": 31, "fields": {"action_time": "2022-11-26T21:26:26.310Z", "user": 1, "content_type": 9, "object_id": "3", "object_repr": "Laptop", "action_flag": 1, "change_message": "[{\"added\": {}}]"}}, {"model": "admin.logentry", "pk": 32, "fields": {"action_time": "2022-11-26T21:27:19.498Z", "user": 1, "content_type": 7, "object_id": "7", "object_repr": "MacBook Air-A M2 2022", "action_flag": 1, "change_message": "[{\"added\": {}}]"}}, {"model": "admin.logentry", "pk": 33, "fields": {"action_time": "2022-11-26T21:27:40.410Z", "user": 1, "content_type": 9, "object_id": "3", "object_repr": "Laptop", "action_flag": 3, "change_message": ""}}, {"model": "admin.logentry", "pk": 34, "fields": {"action_time": "2022-11-26T21:28:46.883Z", "user": 1, "content_type": 8, "object_id": "7", "object_repr": "MacBook Air-A M2 2022 13.6 inch", "action_flag": 1, "change_message": "[{\"added\": {}}]"}}, {"model": "admin.logentry", "pk": 35, "fields": {"action_time": "2022-11-26T21:48:06.980Z", "user": 1, "content_type": 7, "object_id": "8", "object_repr": "MacBook Air MGN63 2020", "action_flag": 1, "change_message": "[{\"added\": {}}]"}}, {"model": "admin.logentry", "pk": 36, "fields": {"action_time": "2022-11-26T21:49:02.039Z", "user": 1, "content_type": 8, "object_id": "8", "object_repr": "MacBook Air MGN63 2020", "action_flag": 1, "change_message": "[{\"added\": {}}]"}}, {"model": "admin.logentry", "pk": 37, "fields": {"action_time": "2022-11-26T21:50:39.929Z", "user": 1, "content_type": 7, "object_id": "9", "object_repr": "Microsoft Surface Studio- A", "action_flag": 1, "change_message": "[{\"added\": {}}]"}}, {"model": "admin.logentry", "pk": 38, "fields": {"action_time": "2022-11-26T21:51:28.857Z", "user": 1, "content_type": 8, "object_id": "9", "object_repr": "Microsoft Surface Studio- A", "action_flag": 1, "change_message": "[{\"added\": {}}]"}}, {"model": "admin.logentry", "pk": 39, "fields": {"action_time": "2022-11-26T21:53:21.252Z", "user": 1, "content_type": 7, "object_id": "10", "object_repr": "Microsoft Surface 4 - E", "action_flag": 1, "change_message": "[{\"added\": {}}]"}}, {"model": "admin.logentry", "pk": 40, "fields": {"action_time": "2022-11-26T21:54:05.596Z", "user": 1, "content_type": 8, "object_id": "10", "object_repr": "Microsoft Surface 4 - E", "action_flag": 1, "change_message": "[{\"added\": {}}]"}}, {"model": "admin.logentry", "pk": 41, "fields": {"action_time": "2022-11-27T06:00:39.903Z", "user": 1, "content_type": 8, "object_id": "9", "object_repr": "Microsoft Surface Studio- A", "action_flag": 2, "change_message": "[{\"changed\": {\"fields\": [\"Link\"]}}]"}}, {"model": "admin.logentry", "pk": 42, "fields": {"action_time": "2022-11-27T06:00:59.014Z", "user": 1, "content_type": 8, "object_id": "9", "object_repr": "Microsoft Surface Studio- A", "action_flag": 2, "change_message": "[{\"changed\": {\"fields\": [\"Image\"]}}]"}}, {"model": "admin.logentry", "pk": 43, "fields": {"action_time": "2022-11-27T06:36:14.750Z", "user": 1, "content_type": 9, "object_id": "2", "object_repr": "لپتاپ", "action_flag": 2, "change_message": "[{\"changed\": {\"fields\": [\"Name\"]}}]"}}, {"model": "admin.logentry", "pk": 44, "fields": {"action_time": "2022-11-27T06:36:41.877Z", "user": 1, "content_type": 9, "object_id": "2", "object_repr": "Laptop", "action_flag": 2, "change_message": "[{\"changed\": {\"fields\": [\"Name\"]}}]"}}, {"model": "admin.logentry", "pk": 45, "fields": {"action_time": "2022-11-27T18:29:14.362Z", "user": 1, "content_type": 10, "object_id": "2", "object_repr": "MacBook Air MGN63 2020", "action_flag": 2, "change_message": "[{\"changed\": {\"fields\": [\"Size\", \"Cpu serie\", \"Ram\", \"Ram type\", \"Graphic brand\", \"Resolution\"]}}]"}}, {"model": "admin.logentry", "pk": 46, "fields": {"action_time": "2022-11-27T18:31:21.651Z", "user": 1, "content_type": 10, "object_id": "1", "object_repr": "MacBook Air-A M2 2022 13.6 inch", "action_flag": 2, "change_message": "[{\"changed\": {\"fields\": [\"Size\", \"Cpu serie\", \"Ram\", \"Ram type\", \"Graphic brand\", \"Resolution\"]}}]"}}, {"model": "admin.logentry", "pk": 47, "fields": {"action_time": "2022-11-27T18:33:38.036Z", "user": 1, "content_type": 10, "object_id": "3", "object_repr": "Microsoft Surface Studio- A", "action_flag": 2, "change_message": "[{\"changed\": {\"fields\": [\"Size\", \"Cpu serie\", \"Ram\", \"Ram type\", \"Graphic brand\", \"Resolution\"]}}]"}}, {"model": "admin.logentry", "pk": 48, "fields": {"action_time": "2022-11-27T18:35:17.721Z", "user": 1, "content_type": 10, "object_id": "4", "object_repr": "Microsoft Surface 4 - E", "action_flag": 2, "change_message": "[{\"changed\": {\"fields\": [\"Size\", \"Cpu serie\", \"Ram\", \"Ram type\", \"Graphic brand\", \"Resolution\"]}}]"}}, {"model": "admin.logentry", "pk": 49, "fields": {"action_time": "2022-11-27T18:37:20.144Z", "user": 1, "content_type": 11, "object_id": "5", "object_repr": "Xiaomi Mi11 Ultra 512/12 China", "action_flag": 2, "change_message": "[{\"changed\": {\"fields\": [\"Size\", \"Display type\", \"Camera resolution\", \"Os\"]}}]"}}, {"model": "admin.logentry", "pk": 50, "fields": {"action_time": "2022-11-27T18:38:02.479Z", "user": 1, "content_type": 11, "object_id": "4", "object_repr": "Samsung S22 Plus 128/8 Snapdragon", "action_flag": 2, "change_message": "[{\"changed\": {\"fields\": [\"Size\", \"Display type\", \"Camera resolution\", \"Os\"]}}]"}}, {"model": "admin.logentry", "pk": 51, "fields": {"action_time": "2022-11-27T18:38:48.949Z", "user": 1, "content_type": 11, "object_id": "3", "object_repr": "Samsung S22 Ultra 256/12 Snapdragon", "action_flag": 2, "change_message": "[{\"changed\": {\"fields\": [\"Size\", \"Display type\", \"Camera resolution\", \"Os\"]}}]"}}, {"model": "admin.logentry", "pk": 52, "fields": {"action_time": "2022-11-27T18:39:42.487Z", "user": 1, "content_type": 11, "object_id": "2", "object_repr": "IPhone 13 Pro Max 256GB/6GB", "action_flag": 2, "change_message": "[{\"changed\": {\"fields\": [\"Size\", \"Display type\", \"Camera resolution\", \"Os\"]}}]"}}, {"model": "admin.logentry", "pk": 53, "fields": {"action_time": "2022-11-27T18:40:53.697Z", "user": 1, "content_type": 11, "object_id": "1", "object_repr": "IPhone 14 Pro Max 256GB/6GB", "action_flag": 2, "change_message": "[{\"changed\": {\"fields\": [\"Size\", \"Display type\", \"Camera resolution\", \"Os\"]}}]"}}, {"model": "admin.logentry", "pk": 54, "fields": {"action_time": "2022-11-27T18:41:11.101Z", "user": 1, "content_type": 11, "object_id": "2", "object_repr": "iPhone 13 Pro Max 256GB/6GB", "action_flag": 2, "change_message": "[{\"changed\": {\"fields\": [\"Name\"]}}]"}}, {"model": "admin.logentry", "pk": 55, "fields": {"action_time": "2022-11-27T18:41:18.956Z", "user": 1, "content_type": 11, "object_id": "1", "object_repr": "iPhone 14 Pro Max 256GB/6GB", "action_flag": 2, "change_message": "[{\"changed\": {\"fields\": [\"Name\"]}}]"}}, {"model": "admin.logentry", "pk": 56, "fields": {"action_time": "2022-11-27T19:43:41.385Z", "user": 1, "content_type": 10, "object_id": "4", "object_repr": "Microsoft Surface 4 - E", "action_flag": 2, "change_message": "[{\"changed\": {\"fields\": [\"Link\", \"Image\"]}}]"}}, {"model": "admin.logentry", "pk": 57, "fields": {"action_time": "2022-11-27T19:43:50.185Z", "user": 1, "content_type": 10, "object_id": "3", "object_repr": "Microsoft Surface Studio- A", "action_flag": 2, "change_message": "[{\"changed\": {\"fields\": [\"Link\", \"Image\"]}}]"}}, {"model": "admin.logentry", "pk": 58, "fields": {"action_time": "2022-11-27T19:43:59.694Z", "user": 1, "content_type": 10, "object_id": "2", "object_repr": "MacBook Air MGN63 2020", "action_flag": 2, "change_message": "[{\"changed\": {\"fields\": [\"Link\", \"Image\"]}}]"}}, {"model": "admin.logentry", "pk": 59, "fields": {"action_time": "2022-11-27T19:44:07.580Z", "user": 1, "content_type": 10, "object_id": "1", "object_repr": "MacBook Air-A M2 2022 13.6 inch", "action_flag": 2, "change_message": "[{\"changed\": {\"fields\": [\"Link\", \"Image\"]}}]"}}, {"model": "admin.logentry", "pk": 60, "fields": {"action_time": "2022-11-27T19:44:44.061Z", "user": 1, "content_type": 11, "object_id": "5", "object_repr": "Xiaomi Mi11 Ultra 512/12 China", "action_flag": 2, "change_message": "[{\"changed\": {\"fields\": [\"Link\", \"Image\"]}}]"}}, {"model": "admin.logentry", "pk": 61, "fields": {"action_time": "2022-11-27T19:44:52.749Z", "user": 1, "content_type": 11, "object_id": "4", "object_repr": "Samsung S22 Plus 128/8 Snapdragon", "action_flag": 2, "change_message": "[{\"changed\": {\"fields\": [\"Link\", \"Image\"]}}]"}}, {"model": "admin.logentry", "pk": 62, "fields": {"action_time": "2022-11-27T19:45:01.230Z", "user": 1, "content_type": 11, "object_id": "3", "object_repr": "Samsung S22 Ultra 256/12 Snapdragon", "action_flag": 2, "change_message": "[{\"changed\": {\"fields\": [\"Link\", \"Image\"]}}]"}}, {"model": "admin.logentry", "pk": 63, "fields": {"action_time": "2022-11-27T19:45:10.729Z", "user": 1, "content_type": 11, "object_id": "2", "object_repr": "iPhone 13 Pro Max 256GB/6GB", "action_flag": 2, "change_message": "[{\"changed\": {\"fields\": [\"Link\", \"Image\"]}}]"}}, {"model": "admin.logentry", "pk": 64, "fields": {"action_time": "2022-11-27T19:45:21.073Z", "user": 1, "content_type": 11, "object_id": "1", "object_repr": "iPhone 14 Pro Max 256GB/6GB", "action_flag": 2, "change_message": "[{\"changed\": {\"fields\": [\"Link\", \"Image\"]}}]"}}, {"model": "admin.logentry", "pk": 65, "fields": {"action_time": "2022-11-27T19:45:50.085Z", "user": 1, "content_type": 11, "object_id": "4", "object_repr": "Samsung S22 Plus 128/8 Snapdragon", "action_flag": 2, "change_message": "[{\"changed\": {\"fields\": [\"Link\"]}}]"}}, {"model": "admin.logentry", "pk": 66, "fields": {"action_time": "2022-11-27T19:46:10.445Z", "user": 1, "content_type": 11, "object_id": "3", "object_repr": "Samsung S22 Ultra 256/12 Snapdragon", "action_flag": 2, "change_message": "[{\"changed\": {\"fields\": [\"Link\"]}}]"}}, {"model": "admin.logentry", "pk": 67, "fields": {"action_time": "2022-11-27T19:46:18.308Z", "user": 1, "content_type": 11, "object_id": "4", "object_repr": "Samsung S22 Plus 128/8 Snapdragon", "action_flag": 2, "change_message": "[{\"changed\": {\"fields\": [\"Link\"]}}]"}}, {"model": "admin.logentry", "pk": 68, "fields": {"action_time": "2022-11-27T19:46:33.839Z", "user": 1, "content_type": 11, "object_id": "5", "object_repr": "Xiaomi Mi11 Ultra 512/12 China", "action_flag": 2, "change_message": "[{\"changed\": {\"fields\": [\"Link\"]}}]"}}, {"model": "admin.logentry", "pk": 69, "fields": {"action_time": "2022-11-27T19:48:35.070Z", "user": 1, "content_type": 11, "object_id": "6", "object_repr": "Xiaomi 12S Ultra 256/8", "action_flag": 2, "change_message": "[{\"changed\": {\"fields\": [\"Size\", \"Display type\", \"Camera resolution\", \"Os\"]}}]"}}, {"model": "admin.logentry", "pk": 70, "fields": {"action_time": "2022-11-27T19:49:01.328Z", "user": 1, "content_type": 11, "object_id": "6", "object_repr": "Xiaomi 12S Ultra 256/8", "action_flag": 2, "change_message": "[{\"changed\": {\"fields\": [\"Link\", \"Image\"]}}]"}}, {"model": "admin.logentry", "pk": 71, "fields": {"action_time": "2022-11-27T19:49:31.394Z", "user": 1, "content_type": 11, "object_id": "5", "object_repr": "Xiaomi Mi11 Ultra 512/12 China", "action_flag": 2, "change_message": "[{\"changed\": {\"fields\": [\"Link\"]}}]"}}, {"model": "admin.logentry", "pk": 72, "fields": {"action_time": "2022-11-27T20:17:38.421Z", "user": 1, "content_type": 12, "object_id": "1", "object_repr": "Apple", "action_flag": 1, "change_message": "[{\"added\": {}}]"}}, {"model": "admin.logentry", "pk": 73, "fields": {"action_time": "2022-11-27T20:17:55.763Z", "user": 1, "content_type": 9, "object_id": "1", "object_repr": "Mobile", "action_flag": 1, "change_message": "[{\"added\": {}}]"}}, {"model": "admin.logentry", "pk": 74, "fields": {"action_time": "2022-11-27T20:24:03.261Z", "user": 1, "content_type": 12, "object_id": "2", "object_repr": "Samsung", "action_flag": 1, "change_message": "[{\"added\": {}}]"}}, {"model": "admin.logentry", "pk": 75, "fields": {"action_time": "2022-11-27T20:24:38.420Z", "user": 1, "content_type": 12, "object_id": "3", "object_repr": "Microsoft", "action_flag": 1, "change_message": "[{\"added\": {}}]"}}, {"model": "admin.logentry", "pk": 76, "fields": {"action_time": "2022-11-27T20:25:06.870Z", "user": 1, "content_type": 12, "object_id": "4", "object_repr": "Xiaomi", "action_flag": 1, "change_message": "[{\"added\": {}}]"}}, {"model": "admin.logentry", "pk": 77, "fields": {"action_time": "2022-11-27T20:25:22.321Z", "user": 1, "content_type": 9, "object_id": "2", "object_repr": "Laptop", "action_flag": 1, "change_message": "[{\"added\": {}}]"}}, {"model": "admin.logentry", "pk": 78, "fields": {"action_time": "2022-11-27T20:25:44.942Z", "user": 1, "content_type": 10, "object_id": "4", "object_repr": "Surface 4 - E", "action_flag": 2, "change_message": "[{\"changed\": {\"fields\": [\"Name\", \"Link\", \"Category\", \"Brand\", \"Image\"]}}]"}}, {"model": "admin.logentry", "pk": 79, "fields": {"action_time": "2022-11-27T20:26:02.708Z", "user": 1, "content_type": 10, "object_id": "3", "object_repr": "Surface Studio- A", "action_flag": 2, "change_message": "[{\"changed\": {\"fields\": [\"Name\", \"Link\", \"Category\", \"Brand\", \"Image\"]}}]"}}, {"model": "admin.logentry", "pk": 80, "fields": {"action_time": "2022-11-27T20:26:15.344Z", "user": 1, "content_type": 10, "object_id": "2", "object_repr": "MacBook Air MGN63 2020", "action_flag": 2, "change_message": "[{\"changed\": {\"fields\": [\"Link\", \"Category\", \"Image\"]}}]"}}, {"model": "admin.logentry", "pk": 81, "fields": {"action_time": "2022-11-27T20:26:40.574Z", "user": 1, "content_type": 10, "object_id": "1", "object_repr": "MacBook Air-A M2 2022 13.6 inch", "action_flag": 2, "change_message": "[{\"changed\": {\"fields\": [\"Link\", \"Category\", \"Image\"]}}]"}}, {"model": "admin.logentry", "pk": 82, "fields": {"action_time": "2022-11-27T20:30:19.244Z", "user": 1, "content_type": 11, "object_id": "6", "object_repr": "12S Ultra 256/8", "action_flag": 2, "change_message": "[{\"changed\": {\"fields\": [\"Name\", \"Link\", \"Brand\", \"Image\"]}}]"}}, {"model": "admin.logentry", "pk": 83, "fields": {"action_time": "2022-11-27T20:30:34.202Z", "user": 1, "content_type": 11, "object_id": "5", "object_repr": "Mi11 Ultra 512/12 China", "action_flag": 2, "change_message": "[{\"changed\": {\"fields\": [\"Name\", \"Link\", \"Brand\", \"Image\"]}}]"}}, {"model": "admin.logentry", "pk": 84, "fields": {"action_time": "2022-11-27T20:30:53.244Z", "user": 1, "content_type": 11, "object_id": "4", "object_repr": "S22 Plus 128/8 Snapdragon", "action_flag": 2, "change_message": "[{\"changed\": {\"fields\": [\"Name\", \"Link\", \"Brand\", \"Image\"]}}]"}}, {"model": "admin.logentry", "pk": 85, "fields": {"action_time": "2022-11-27T20:31:08.553Z", "user": 1, "content_type": 11, "object_id": "3", "object_repr": "S22 Ultra 256/12 Snapdragon", "action_flag": 2, "change_message": "[{\"changed\": {\"fields\": [\"Name\", \"Link\", \"Brand\", \"Image\"]}}]"}}, {"model": "admin.logentry", "pk": 86, "fields": {"action_time": "2022-11-27T20:31:22.349Z", "user": 1, "content_type": 11, "object_id": "2", "object_repr": "iPhone 13 Pro Max 256GB/6GB", "action_flag": 2, "change_message": "[{\"changed\": {\"fields\": [\"Link\", \"Image\"]}}]"}}, {"model": "admin.logentry", "pk": 87, "fields": {"action_time": "2022-11-27T20:31:34.093Z", "user": 1, "content_type": 11, "object_id": "1", "object_repr": "iPhone 14 Pro Max 256GB/6GB", "action_flag": 2, "change_message": "[{\"changed\": {\"fields\": [\"Link\", \"Image\"]}}]"}}, {"model": "admin.logentry", "pk": 88, "fields": {"action_time": "2022-11-27T21:39:29.965Z", "user": 1, "content_type": 10, "object_id": "1", "object_repr": "MacBook Air-A M2 2022", "action_flag": 2, "change_message": "[{\"changed\": {\"fields\": [\"Name\"]}}]"}}, {"model": "admin.logentry", "pk": 89, "fields": {"action_time": "2022-11-28T06:34:44.500Z", "user": 1, "content_type": 11, "object_id": "1", "object_repr": "iPhone 14 Pro Max 256GB/6GB", "action_flag": 2, "change_message": "[{\"changed\": {\"fields\": [\"Images\"]}}]"}}, {"model": "admin.logentry", "pk": 90, "fields": {"action_time": "2022-11-28T08:04:27.381Z", "user": 1, "content_type": 11, "object_id": "1", "object_repr": "iPhone 14 Pro Max 256GB/6GB", "action_flag": 2, "change_message": "[{\"changed\": {\"fields\": [\"Images\"]}}]"}}, {"model": "admin.logentry", "pk": 91, "fields": {"action_time": "2022-11-28T08:09:45.789Z", "user": 1, "content_type": 11, "object_id": "2", "object_repr": "iPhone 13 Pro Max 256GB/6GB", "action_flag": 2, "change_message": "[{\"changed\": {\"fields\": [\"Images\"]}}]"}}, {"model": "admin.logentry", "pk": 92, "fields": {"action_time": "2022-11-28T08:11:20.323Z", "user": 1, "content_type": 11, "object_id": "6", "object_repr": "12S Ultra 256/8", "action_flag": 2, "change_message": "[{\"changed\": {\"fields\": [\"Images\"]}}]"}}, {"model": "admin.logentry", "pk": 93, "fields": {"action_time": "2022-11-28T08:11:31.354Z", "user": 1, "content_type": 11, "object_id": "5", "object_repr": "Mi11 Ultra 512/12 China", "action_flag": 2, "change_message": "[{\"changed\": {\"fields\": [\"Images\"]}}]"}}, {"model": "admin.logentry", "pk": 94, "fields": {"action_time": "2022-11-28T08:13:05.217Z", "user": 1, "content_type": 11, "object_id": "6", "object_repr": "12S Ultra 256/8", "action_flag": 2, "change_message": "[{\"changed\": {\"fields\": [\"Images\"]}}]"}}, {"model": "admin.logentry", "pk": 95, "fields": {"action_time": "2022-11-28T08:13:50.640Z", "user": 1, "content_type": 11, "object_id": "5", "object_repr": "Mi11 Ultra 512/12 China", "action_flag": 2, "change_message": "[{\"changed\": {\"fields\": [\"Images\"]}}]"}}, {"model": "admin.logentry", "pk": 96, "fields": {"action_time": "2022-11-28T08:15:11.434Z", "user": 1, "content_type": 11, "object_id": "4", "object_repr": "S22 Plus 128/8 Snapdragon", "action_flag": 2, "change_message": "[{\"changed\": {\"fields\": [\"Images\"]}}]"}}, {"model": "admin.logentry", "pk": 97, "fields": {"action_time": "2022-11-28T08:21:21.804Z", "user": 1, "content_type": 11, "object_id": "3", "object_repr": "S22 Ultra 256/12 Snapdragon", "action_flag": 2, "change_message": "[{\"changed\": {\"fields\": [\"Images\"]}}]"}}, {"model": "admin.logentry", "pk": 98, "fields": {"action_time": "2022-11-28T08:36:49.360Z", "user": 1, "content_type": 11, "object_id": "6", "object_repr": "12S Ultra 256/8", "action_flag": 2, "change_message": "[{\"changed\": {\"fields\": [\"Images\"]}}]"}}, {"model": "admin.logentry", "pk": 99, "fields": {"action_time": "2022-11-28T08:58:00.584Z", "user": 1, "content_type": 10, "object_id": "4", "object_repr": "Surface 4 - E", "action_flag": 2, "change_message": "[{\"changed\": {\"fields\": [\"Images\"]}}]"}}, {"model": "admin.logentry", "pk": 100, "fields": {"action_time": "2022-11-28T08:58:45.395Z", "user": 1, "content_type": 10, "object_id": "3", "object_repr": "Surface Studio- A", "action_flag": 2, "change_message": "[{\"changed\": {\"fields\": [\"Images\"]}}]"}}, {"model": "admin.logentry", "pk": 101, "fields": {"action_time": "2022-11-28T08:59:37.532Z", "user": 1, "content_type": 10, "object_id": "2", "object_repr": "MacBook Air MGN63 2020", "action_flag": 2, "change_message": "[{\"changed\": {\"fields\": [\"Images\"]}}]"}}, {"model": "admin.logentry", "pk": 102, "fields": {"action_time": "2022-11-28T09:00:18.136Z", "user": 1, "content_type": 10, "object_id": "1", "object_repr": "MacBook Air-A M2 2022", "action_flag": 2, "change_message": "[{\"changed\": {\"fields\": [\"Images\"]}}]"}}, {"model": "admin.logentry", "pk": 103, "fields": {"action_time": "2022-11-28T09:04:20.898Z", "user": 1, "content_type": 10, "object_id": "3", "object_repr": "Surface Studio- A", "action_flag": 2, "change_message": "[{\"changed\": {\"fields\": [\"Price\"]}}]"}}, {"model": "admin.logentry", "pk": 104, "fields": {"action_time": "2022-11-28T12:00:01.374Z", "user": 1, "content_type": 11, "object_id": "1", "object_repr": "iPhone 14 Pro Max 256GB/6GB", "action_flag": 2, "change_message": "[{\"changed\": {\"fields\": [\"Images\"]}}]"}}, {"model": "admin.logentry", "pk": 105, "fields": {"action_time": "2022-11-28T12:07:01.628Z", "user": 1, "content_type": 12, "object_id": "5", "object_repr": "HP", "action_flag": 1, "change_message": "[{\"added\": {}}]"}}, {"model": "admin.logentry", "pk": 106, "fields": {"action_time": "2022-11-28T12:11:48.795Z", "user": 1, "content_type": 10, "object_id": "5", "object_repr": "Pavilion Gaming DK1019-D", "action_flag": 1, "change_message": "[{\"added\": {}}]"}}, {"model": "admin.logentry", "pk": 107, "fields": {"action_time": "2022-11-28T12:16:18.265Z", "user": 1, "content_type": 12, "object_id": "6", "object_repr": "Asus", "action_flag": 1, "change_message": "[{\"added\": {}}]"}}, {"model": "admin.logentry", "pk": 108, "fields": {"action_time": "2022-11-28T12:19:39.760Z", "user": 1, "content_type": 10, "object_id": "6", "object_repr": "ZenBook Duo 14 UX482EGR-HY355W", "action_flag": 1, "change_message": "[{\"added\": {}}]"}}, {"model": "admin.logentry", "pk": 109, "fields": {"action_time": "2022-11-28T12:22:13.067Z", "user": 1, "content_type": 10, "object_id": "5", "object_repr": "Pavilion Gaming DK1019-D", "action_flag": 2, "change_message": "[{\"changed\": {\"fields\": [\"Price\"]}}]"}}, {"model": "admin.logentry", "pk": 110, "fields": {"action_time": "2022-11-28T12:26:48.378Z", "user": 1, "content_type": 10, "object_id": "7", "object_repr": "MacBook-Pro-MK193-2021", "action_flag": 1, "change_message": "[{\"added\": {}}]"}}, {"model": "admin.logentry", "pk": 111, "fields": {"action_time": "2022-11-28T12:27:08.925Z", "user": 1, "content_type": 10, "object_id": "7", "object_repr": "MacBook Pro MK193 2021", "action_flag": 2, "change_message": "[{\"changed\": {\"fields\": [\"Name\"]}}]"}}, {"model": "admin.logentry", "pk": 112, "fields": {"action_time": "2022-11-28T12:42:45.686Z", "user": 1, "content_type": 12, "object_id": "7", "object_repr": "Lenovo", "action_flag": 1, "change_message": "[{\"added\": {}}]"}}, {"model": "admin.logentry", "pk": 113, "fields": {"action_time": "2022-11-28T12:48:11.172Z", "user": 1, "content_type": 10, "object_id": "8", "object_repr": "IdeaPad 3 15ITL6", "action_flag": 1, "change_message": "[{\"added\": {}}]"}}, {"model": "admin.logentry", "pk": 114, "fields": {"action_time": "2022-11-28T14:03:05.584Z", "user": 1, "content_type": 10, "object_id": "3", "object_repr": "Surface Studio - A", "action_flag": 2, "change_message": "[{\"changed\": {\"fields\": [\"Name\"]}}]"}}, {"model": "admin.logentry", "pk": 115, "fields": {"action_time": "2022-11-28T15:58:13.943Z", "user": 1, "content_type": 13, "object_id": "1", "object_repr": "MacBook Pro MK193 2021", "action_flag": 1, "change_message": "[{\"added\": {}}]"}}, {"model": "admin.logentry", "pk": 116, "fields": {"action_time": "2022-11-28T16:02:38.946Z", "user": 1, "content_type": 13, "object_id": "2", "object_repr": "Xiaomi 12S Ultra", "action_flag": 1, "change_message": "[{\"added\": {}}]"}}, {"model": "admin.logentry", "pk": 117, "fields": {"action_time": "2022-11-28T16:02:43.599Z", "user": 1, "content_type": 13, "object_id": "2", "object_repr": "Xiaomi 12S Ultra", "action_flag": 2, "change_message": "[]"}}, {"model": "admin.logentry", "pk": 118, "fields": {"action_time": "2022-11-28T18:58:50.052Z", "user": 1, "content_type": 13, "object_id": "1", "object_repr": "MacBook Air M2 2022", "action_flag": 2, "change_message": "[{\"changed\": {\"fields\": [\"Title\", \"Sub title\", \"Description\", \"Image\"]}}]"}}, {"model": "admin.logentry", "pk": 119, "fields": {"action_time": "2022-11-28T19:40:12.718Z", "user": 1, "content_type": 13, "object_id": "2", "object_repr": "Xiaomi 12S Ultra", "action_flag": 2, "change_message": "[{\"changed\": {\"fields\": [\"Link\"]}}]"}}, {"model": "admin.logentry", "pk": 120, "fields": {"action_time": "2022-11-28T19:40:42.606Z", "user": 1, "content_type": 13, "object_id": "1", "object_repr": "MacBook Air M2 2022", "action_flag": 2, "change_message": "[{\"changed\": {\"fields\": [\"Link\"]}}]"}}, {"model": "admin.logentry", "pk": 121, "fields": {"action_time": "2022-11-28T19:54:37.334Z", "user": 1, "content_type": 10, "object_id": "5", "object_repr": "Pavilion Gaming DK1019-D", "action_flag": 2, "change_message": "[{\"changed\": {\"fields\": [\"Link\"]}}]"}}, {"model": "admin.logentry", "pk": 122, "fields": {"action_time": "2022-11-28T19:57:32.441Z", "user": 1, "content_type": 14, "object_id": "1", "object_repr": "Pavilion Gaming DK1019-D", "action_flag": 1, "change_message": "[{\"added\": {}}]"}}, {"model": "admin.logentry", "pk": 123, "fields": {"action_time": "2022-11-28T20:22:59.159Z", "user": 1, "content_type": 14, "object_id": "1", "object_repr": "Pavilion Gaming DK1019-D", "action_flag": 2, "change_message": "[{\"changed\": {\"fields\": [\"Image\", \"Off\"]}}]"}}, {"model": "admin.logentry", "pk": 124, "fields": {"action_time": "2022-11-28T20:34:58.205Z", "user": 1, "content_type": 14, "object_id": "1", "object_repr": "Pavilion Gaming DK1019-D", "action_flag": 2, "change_message": "[{\"changed\": {\"fields\": [\"Price\"]}}]"}}, {"model": "admin.logentry", "pk": 125, "fields": {"action_time": "2022-11-29T11:13:31.787Z", "user": 1, "content_type": 14, "object_id": "1", "object_repr": "Pavilion Gaming DK1019-D", "action_flag": 2, "change_message": "[{\"changed\": {\"fields\": [\"Time\"]}}]"}}, {"model": "admin.logentry", "pk": 126, "fields": {"action_time": "2022-11-29T11:13:43.995Z", "user": 1, "content_type": 14, "object_id": "1", "object_repr": "Pavilion Gaming DK1019-D", "action_flag": 2, "change_message": "[{\"changed\": {\"fields\": [\"Time\"]}}]"}}, {"model": "admin.logentry", "pk": 127, "fields": {"action_time": "2022-11-29T11:15:14.619Z", "user": 1, "content_type": 14, "object_id": "1", "object_repr": "Pavilion Gaming DK1019-D", "action_flag": 2, "change_message": "[{\"changed\": {\"fields\": [\"Time\"]}}]"}}, {"model": "admin.logentry", "pk": 128, "fields": {"action_time": "2022-11-29T11:17:02.598Z", "user": 1, "content_type": 14, "object_id": "1", "object_repr": "Pavilion Gaming DK1019-D", "action_flag": 2, "change_message": "[{\"changed\": {\"fields\": [\"Time\"]}}]"}}, {"model": "admin.logentry", "pk": 129, "fields": {"action_time": "2022-11-29T11:32:59.617Z", "user": 1, "content_type": 14, "object_id": "1", "object_repr": "Pavilion Gaming DK1019-D", "action_flag": 2, "change_message": "[{\"changed\": {\"fields\": [\"Time\"]}}]"}}, {"model": "admin.logentry", "pk": 130, "fields": {"action_time": "2022-11-29T11:33:31.449Z", "user": 1, "content_type": 14, "object_id": "1", "object_repr": "Pavilion Gaming DK1019-D", "action_flag": 2, "change_message": "[{\"changed\": {\"fields\": [\"Time\"]}}]"}}, {"model": "admin.logentry", "pk": 131, "fields": {"action_time": "2022-11-29T11:33:53.655Z", "user": 1, "content_type": 14, "object_id": "1", "object_repr": "Pavilion Gaming DK1019-D", "action_flag": 2, "change_message": "[{\"changed\": {\"fields\": [\"Time\"]}}]"}}, {"model": "admin.logentry", "pk": 132, "fields": {"action_time": "2022-11-30T22:05:23.143Z", "user": 1, "content_type": 10, "object_id": "8", "object_repr": "IdeaPad 3 15ITL6", "action_flag": 2, "change_message": "[{\"changed\": {\"fields\": [\"Laptop\"]}}]"}}, {"model": "admin.logentry", "pk": 133, "fields": {"action_time": "2022-11-30T22:05:35.189Z", "user": 1, "content_type": 10, "object_id": "7", "object_repr": "MacBook Pro MK193 2021", "action_flag": 2, "change_message": "[{\"changed\": {\"fields\": [\"Laptop\"]}}]"}}, {"model": "admin.logentry", "pk": 134, "fields": {"action_time": "2022-11-30T22:05:56.487Z", "user": 1, "content_type": 10, "object_id": "6", "object_repr": "ZenBook Duo 14 UX482EGR-HY355W", "action_flag": 2, "change_message": "[{\"changed\": {\"fields\": [\"Laptop\", \"Ram\"]}}]"}}, {"model": "admin.logentry", "pk": 135, "fields": {"action_time": "2022-11-30T22:06:20.203Z", "user": 1, "content_type": 10, "object_id": "5", "object_repr": "Pavilion Gaming DK1019-D", "action_flag": 2, "change_message": "[{\"changed\": {\"fields\": [\"Laptop\"]}}]"}}, {"model": "admin.logentry", "pk": 136, "fields": {"action_time": "2022-11-30T22:06:34.607Z", "user": 1, "content_type": 10, "object_id": "4", "object_repr": "Surface 4 - E", "action_flag": 2, "change_message": "[{\"changed\": {\"fields\": [\"Laptop\"]}}]"}}, {"model": "admin.logentry", "pk": 137, "fields": {"action_time": "2022-11-30T22:07:38.781Z", "user": 1, "content_type": 10, "object_id": "3", "object_repr": "Surface Studio - A", "action_flag": 2, "change_message": "[{\"changed\": {\"fields\": [\"Laptop\"]}}]"}}, {"model": "admin.logentry", "pk": 138, "fields": {"action_time": "2022-11-30T22:07:49.780Z", "user": 1, "content_type": 10, "object_id": "2", "object_repr": "MacBook Air MGN63 2020", "action_flag": 2, "change_message": "[{\"changed\": {\"fields\": [\"Laptop\"]}}]"}}, {"model": "admin.logentry", "pk": 139, "fields": {"action_time": "2022-11-30T22:08:05.611Z", "user": 1, "content_type": 10, "object_id": "1", "object_repr": "MacBook Air-A M2 2022", "action_flag": 2, "change_message": "[{\"changed\": {\"fields\": [\"Laptop\"]}}]"}}, {"model": "admin.logentry", "pk": 140, "fields": {"action_time": "2022-11-30T22:27:19.691Z", "user": 1, "content_type": 13, "object_id": "2", "object_repr": "12S Ultra 256/8", "action_flag": 2, "change_message": "[{\"changed\": {\"fields\": [\"Product\"]}}]"}}, {"model": "admin.logentry", "pk": 141, "fields": {"action_time": "2022-11-30T22:27:37.929Z", "user": 1, "content_type": 13, "object_id": "1", "object_repr": "MacBook Air-A M2 2022", "action_flag": 2, "change_message": "[{\"changed\": {\"fields\": [\"Product\"]}}]"}}, {"model": "admin.logentry", "pk": 142, "fields": {"action_time": "2022-11-30T22:27:57.116Z", "user": 1, "content_type": 14, "object_id": "1", "object_repr": "Pavilion Gaming DK1019-D", "action_flag": 2, "change_message": "[{\"changed\": {\"fields\": [\"Product\"]}}]"}}, {"model": "admin.logentry", "pk": 143, "fields": {"action_time": "2022-11-30T22:34:00.061Z", "user": 1, "content_type": 8, "object_id": "14", "object_repr": "IdeaPad 3 15ITL6", "action_flag": 2, "change_message": "[{\"changed\": {\"fields\": [\"Count\"]}}]"}}, {"model": "admin.logentry", "pk": 144, "fields": {"action_time": "2022-11-30T22:36:47.447Z", "user": 1, "content_type": 8, "object_id": "7", "object_repr": "MacBook Air-A M2 2022", "action_flag": 2, "change_message": "[{\"changed\": {\"fields\": [\"Count\"]}}]"}}, {"model": "admin.logentry", "pk": 145, "fields": {"action_time": "2022-11-30T22:36:55.206Z", "user": 1, "content_type": 8, "object_id": "13", "object_repr": "MacBook Pro MK193 2021", "action_flag": 2, "change_message": "[{\"changed\": {\"fields\": [\"Count\"]}}]"}}, {"model": "admin.logentry", "pk": 146, "fields": {"action_time": "2022-11-30T22:37:03.038Z", "user": 1, "content_type": 8, "object_id": "12", "object_repr": "ZenBook Duo 14 UX482EGR-HY355W", "action_flag": 2, "change_message": "[{\"changed\": {\"fields\": [\"Count\"]}}]"}}, {"model": "admin.logentry", "pk": 147, "fields": {"action_time": "2022-11-30T22:37:13.957Z", "user": 1, "content_type": 8, "object_id": "10", "object_repr": "Surface 4 - E", "action_flag": 2, "change_message": "[{\"changed\": {\"fields\": [\"Count\"]}}]"}}, {"model": "admin.logentry", "pk": 148, "fields": {"action_time": "2022-11-30T22:37:28.080Z", "user": 1, "content_type": 8, "object_id": "8", "object_repr": "MacBook Air MGN63 2020", "action_flag": 2, "change_message": "[{\"changed\": {\"fields\": [\"Count\"]}}]"}}, {"model": "admin.logentry", "pk": 149, "fields": {"action_time": "2022-11-30T22:37:36.929Z", "user": 1, "content_type": 8, "object_id": "9", "object_repr": "Surface Studio - A", "action_flag": 2, "change_message": "[{\"changed\": {\"fields\": [\"Count\"]}}]"}}, {"model": "admin.logentry", "pk": 150, "fields": {"action_time": "2022-11-30T22:37:51.059Z", "user": 1, "content_type": 8, "object_id": "6", "object_repr": "12S Ultra 256/8", "action_flag": 2, "change_message": "[{\"changed\": {\"fields\": [\"Count\"]}}]"}}, {"model": "admin.logentry", "pk": 151, "fields": {"action_time": "2022-11-30T22:38:01.049Z", "user": 1, "content_type": 8, "object_id": "5", "object_repr": "Mi11 Ultra 512/12 China", "action_flag": 2, "change_message": "[{\"changed\": {\"fields\": [\"Count\"]}}]"}}, {"model": "admin.logentry", "pk": 152, "fields": {"action_time": "2022-11-30T22:38:11.192Z", "user": 1, "content_type": 8, "object_id": "4", "object_repr": "S22 Plus 128/8 Snapdragon", "action_flag": 2, "change_message": "[{\"changed\": {\"fields\": [\"Count\"]}}]"}}, {"model": "admin.logentry", "pk": 153, "fields": {"action_time": "2022-11-30T22:38:19.682Z", "user": 1, "content_type": 8, "object_id": "3", "object_repr": "S22 Ultra 256/12 Snapdragon", "action_flag": 2, "change_message": "[{\"changed\": {\"fields\": [\"Count\"]}}]"}}, {"model": "admin.logentry", "pk": 154, "fields": {"action_time": "2022-11-30T22:38:30.114Z", "user": 1, "content_type": 8, "object_id": "2", "object_repr": "iPhone 13 Pro Max 256GB/6GB", "action_flag": 2, "change_message": "[{\"changed\": {\"fields\": [\"Count\"]}}]"}}, {"model": "admin.logentry", "pk": 155, "fields": {"action_time": "2022-12-01T11:47:54.055Z", "user": 1, "content_type": 8, "object_id": "11", "object_repr": "Pavilion Gaming DK1019-D", "action_flag": 2, "change_message": "[{\"changed\": {\"fields\": [\"Count\"]}}]"}}, {"model": "admin.logentry", "pk": 156, "fields": {"action_time": "2022-12-01T12:32:55.222Z", "user": 1, "content_type": 8, "object_id": "10", "object_repr": "Surface 4 - E", "action_flag": 2, "change_message": "[{\"changed\": {\"fields\": [\"Count\"]}}]"}}, {"model": "admin.logentry", "pk": 157, "fields": {"action_time": "2022-12-01T12:33:05.460Z", "user": 1, "content_type": 8, "object_id": "7", "object_repr": "MacBook Air-A M2 2022", "action_flag": 2, "change_message": "[{\"changed\": {\"fields\": [\"Count\"]}}]"}}, {"model": "admin.logentry", "pk": 158, "fields": {"action_time": "2022-12-01T12:35:57.053Z", "user": 1, "content_type": 8, "object_id": "9", "object_repr": "Surface Studio - A", "action_flag": 2, "change_message": "[{\"changed\": {\"fields\": [\"No\"]}}]"}}, {"model": "admin.logentry", "pk": 159, "fields": {"action_time": "2022-12-01T12:36:13.509Z", "user": 1, "content_type": 8, "object_id": "6", "object_repr": "12S Ultra 256/8", "action_flag": 2, "change_message": "[{\"changed\": {\"fields\": [\"No\"]}}]"}}, {"model": "admin.logentry", "pk": 160, "fields": {"action_time": "2022-12-01T12:36:46.416Z", "user": 1, "content_type": 8, "object_id": "3", "object_repr": "S22 Ultra 256/12 Snapdragon", "action_flag": 2, "change_message": "[{\"changed\": {\"fields\": [\"No\"]}}]"}}, {"model": "auth.permission", "pk": 1, "fields": {"name": "Can add log entry", "content_type": 1, "codename": "add_logentry"}}, {"model": "auth.permission", "pk": 2, "fields": {"name": "Can change log entry", "content_type": 1, "codename": "change_logentry"}}, {"model": "auth.permission", "pk": 3, "fields": {"name": "Can delete log entry", "content_type": 1, "codename": "delete_logentry"}}, {"model": "auth.permission", "pk": 4, "fields": {"name": "Can view log entry", "content_type": 1, "codename": "view_logentry"}}, {"model": "auth.permission", "pk": 5, "fields": {"name": "Can add permission", "content_type": 2, "codename": "add_permission"}}, {"model": "auth.permission", "pk": 6, "fields": {"name": "Can change permission", "content_type": 2, "codename": "change_permission"}}, {"model": "auth.permission", "pk": 7, "fields": {"name": "Can delete permission", "content_type": 2, "codename": "delete_permission"}}, {"model": "auth.permission", "pk": 8, "fields": {"name": "Can view permission", "content_type": 2, "codename": "view_permission"}}, {"model": "auth.permission", "pk": 9, "fields": {"name": "Can add group", "content_type": 3, "codename": "add_group"}}, {"model": "auth.permission", "pk": 10, "fields": {"name": "Can change group", "content_type": 3, "codename": "change_group"}}, {"model": "auth.permission", "pk": 11, "fields": {"name": "Can delete group", "content_type": 3, "codename": "delete_group"}}, {"model": "auth.permission", "pk": 12, "fields": {"name": "Can view group", "content_type": 3, "codename": "view_group"}}, {"model": "auth.permission", "pk": 13, "fields": {"name": "Can add user", "content_type": 4, "codename": "add_user"}}, {"model": "auth.permission", "pk": 14, "fields": {"name": "Can change user", "content_type": 4, "codename": "change_user"}}, {"model": "auth.permission", "pk": 15, "fields": {"name": "Can delete user", "content_type": 4, "codename": "delete_user"}}, {"model": "auth.permission", "pk": 16, "fields": {"name": "Can view user", "content_type": 4, "codename": "view_user"}}, {"model": "auth.permission", "pk": 17, "fields": {"name": "Can add content type", "content_type": 5, "codename": "add_contenttype"}}, {"model": "auth.permission", "pk": 18, "fields": {"name": "Can change content type", "content_type": 5, "codename": "change_contenttype"}}, {"model": "auth.permission", "pk": 19, "fields": {"name": "Can delete content type", "content_type": 5, "codename": "delete_contenttype"}}, {"model": "auth.permission", "pk": 20, "fields": {"name": "Can view content type", "content_type": 5, "codename": "view_contenttype"}}, {"model": "auth.permission", "pk": 21, "fields": {"name": "Can add session", "content_type": 6, "codename": "add_session"}}, {"model": "auth.permission", "pk": 22, "fields": {"name": "Can change session", "content_type": 6, "codename": "change_session"}}, {"model": "auth.permission", "pk": 23, "fields": {"name": "Can delete session", "content_type": 6, "codename": "delete_session"}}, {"model": "auth.permission", "pk": 24, "fields": {"name": "Can view session", "content_type": 6, "codename": "view_session"}}, {"model": "auth.permission", "pk": 25, "fields": {"name": "Can add images", "content_type": 7, "codename": "add_images"}}, {"model": "auth.permission", "pk": 26, "fields": {"name": "Can change images", "content_type": 7, "codename": "change_images"}}, {"model": "auth.permission", "pk": 27, "fields": {"name": "Can delete images", "content_type": 7, "codename": "delete_images"}}, {"model": "auth.permission", "pk": 28, "fields": {"name": "Can view images", "content_type": 7, "codename": "view_images"}}, {"model": "auth.permission", "pk": 29, "fields": {"name": "Can add products", "content_type": 8, "codename": "add_products"}}, {"model": "auth.permission", "pk": 30, "fields": {"name": "Can change products", "content_type": 8, "codename": "change_products"}}, {"model": "auth.permission", "pk": 31, "fields": {"name": "Can delete products", "content_type": 8, "codename": "delete_products"}}, {"model": "auth.permission", "pk": 32, "fields": {"name": "Can view products", "content_type": 8, "codename": "view_products"}}, {"model": "auth.permission", "pk": 33, "fields": {"name": "Can add categories", "content_type": 9, "codename": "add_categories"}}, {"model": "auth.permission", "pk": 34, "fields": {"name": "Can change categories", "content_type": 9, "codename": "change_categories"}}, {"model": "auth.permission", "pk": 35, "fields": {"name": "Can delete categories", "content_type": 9, "codename": "delete_categories"}}, {"model": "auth.permission", "pk": 36, "fields": {"name": "Can view categories", "content_type": 9, "codename": "view_categories"}}, {"model": "auth.permission", "pk": 37, "fields": {"name": "Can add category", "content_type": 9, "codename": "add_category"}}, {"model": "auth.permission", "pk": 38, "fields": {"name": "Can change category", "content_type": 9, "codename": "change_category"}}, {"model": "auth.permission", "pk": 39, "fields": {"name": "Can delete category", "content_type": 9, "codename": "delete_category"}}, {"model": "auth.permission", "pk": 40, "fields": {"name": "Can view category", "content_type": 9, "codename": "view_category"}}, {"model": "auth.permission", "pk": 41, "fields": {"name": "Can add image", "content_type": 7, "codename": "add_image"}}, {"model": "auth.permission", "pk": 42, "fields": {"name": "Can change image", "content_type": 7, "codename": "change_image"}}, {"model": "auth.permission", "pk": 43, "fields": {"name": "Can delete image", "content_type": 7, "codename": "delete_image"}}, {"model": "auth.permission", "pk": 44, "fields": {"name": "Can view image", "content_type": 7, "codename": "view_image"}}, {"model": "auth.permission", "pk": 45, "fields": {"name": "Can add product", "content_type": 8, "codename": "add_product"}}, {"model": "auth.permission", "pk": 46, "fields": {"name": "Can change product", "content_type": 8, "codename": "change_product"}}, {"model": "auth.permission", "pk": 47, "fields": {"name": "Can delete product", "content_type": 8, "codename": "delete_product"}}, {"model": "auth.permission", "pk": 48, "fields": {"name": "Can view product", "content_type": 8, "codename": "view_product"}}, {"model": "auth.permission", "pk": 49, "fields": {"name": "Can add laptop", "content_type": 10, "codename": "add_laptop"}}, {"model": "auth.permission", "pk": 50, "fields": {"name": "Can change laptop", "content_type": 10, "codename": "change_laptop"}}, {"model": "auth.permission", "pk": 51, "fields": {"name": "Can delete laptop", "content_type": 10, "codename": "delete_laptop"}}, {"model": "auth.permission", "pk": 52, "fields": {"name": "Can view laptop", "content_type": 10, "codename": "view_laptop"}}, {"model": "auth.permission", "pk": 53, "fields": {"name": "Can add mobile", "content_type": 11, "codename": "add_mobile"}}, {"model": "auth.permission", "pk": 54, "fields": {"name": "Can change mobile", "content_type": 11, "codename": "change_mobile"}}, {"model": "auth.permission", "pk": 55, "fields": {"name": "Can delete mobile", "content_type": 11, "codename": "delete_mobile"}}, {"model": "auth.permission", "pk": 56, "fields": {"name": "Can view mobile", "content_type": 11, "codename": "view_mobile"}}, {"model": "auth.permission", "pk": 57, "fields": {"name": "Can add brand", "content_type": 12, "codename": "add_brand"}}, {"model": "auth.permission", "pk": 58, "fields": {"name": "Can change brand", "content_type": 12, "codename": "change_brand"}}, {"model": "auth.permission", "pk": 59, "fields": {"name": "Can delete brand", "content_type": 12, "codename": "delete_brand"}}, {"model": "auth.permission", "pk": 60, "fields": {"name": "Can view brand", "content_type": 12, "codename": "view_brand"}}, {"model": "auth.permission", "pk": 61, "fields": {"name": "Can add advertise", "content_type": 13, "codename": "add_advertise"}}, {"model": "auth.permission", "pk": 62, "fields": {"name": "Can change advertise", "content_type": 13, "codename": "change_advertise"}}, {"model": "auth.permission", "pk": 63, "fields": {"name": "Can delete advertise", "content_type": 13, "codename": "delete_advertise"}}, {"model": "auth.permission", "pk": 64, "fields": {"name": "Can view advertise", "content_type": 13, "codename": "view_advertise"}}, {"model": "auth.permission", "pk": 65, "fields": {"name": "Can add review", "content_type": 13, "codename": "add_review"}}, {"model": "auth.permission", "pk": 66, "fields": {"name": "Can change review", "content_type": 13, "codename": "change_review"}}, {"model": "auth.permission", "pk": 67, "fields": {"name": "Can delete review", "content_type": 13, "codename": "delete_review"}}, {"model": "auth.permission", "pk": 68, "fields": {"name": "Can view review", "content_type": 13, "codename": "view_review"}}, {"model": "auth.permission", "pk": 69, "fields": {"name": "Can add header", "content_type": 13, "codename": "add_header"}}, {"model": "auth.permission", "pk": 70, "fields": {"name": "Can change header", "content_type": 13, "codename": "change_header"}}, {"model": "auth.permission", "pk": 71, "fields": {"name": "Can delete header", "content_type": 13, "codename": "delete_header"}}, {"model": "auth.permission", "pk": 72, "fields": {"name": "Can view header", "content_type": 13, "codename": "view_header"}}, {"model": "auth.permission", "pk": 73, "fields": {"name": "Can add special_ off", "content_type": 14, "codename": "add_special_off"}}, {"model": "auth.permission", "pk": 74, "fields": {"name": "Can change special_ off", "content_type": 14, "codename": "change_special_off"}}, {"model": "auth.permission", "pk": 75, "fields": {"name": "Can delete special_ off", "content_type": 14, "codename": "delete_special_off"}}, {"model": "auth.permission", "pk": 76, "fields": {"name": "Can view special_ off", "content_type": 14, "codename": "view_special_off"}}, {"model": "auth.user", "pk": 1, "fields": {"password": "pbkdf2_sha256$390000$8nOENgzj2ZAGvKFIfeMATi$+1oCHGR2DriWVTEFk45Ntiwxx/AXktlJ2IpKlwc7FVI=", "last_login": "2022-11-30T20:28:44.548Z", "is_superuser": true, "username": "mmdchnar", "first_name": "", "last_name": "", "email": "mamad.love.mail@gmail.com", "is_staff": true, "is_active": true, "date_joined": "2022-11-26T09:14:19.508Z", "groups": [], "user_permissions": []}}, {"model": "contenttypes.contenttype", "pk": 1, "fields": {"app_label": "admin", "model": "logentry"}}, {"model": "contenttypes.contenttype", "pk": 2, "fields": {"app_label": "auth", "model": "permission"}}, {"model": "contenttypes.contenttype", "pk": 3, "fields": {"app_label": "auth", "model": "group"}}, {"model": "contenttypes.contenttype", "pk": 4, "fields": {"app_label": "auth", "model": "user"}}, {"model": "contenttypes.contenttype", "pk": 5, "fields": {"app_label": "contenttypes", "model": "contenttype"}}, {"model": "contenttypes.contenttype", "pk": 6, "fields": {"app_label": "sessions", "model": "session"}}, {"model": "contenttypes.contenttype", "pk": 7, "fields": {"app_label": "shop", "model": "image"}}, {"model": "contenttypes.contenttype", "pk": 8, "fields": {"app_label": "shop", "model": "product"}}, {"model": "contenttypes.contenttype", "pk": 9, "fields": {"app_label": "shop", "model": "category"}}, {"model": "contenttypes.contenttype", "pk": 10, "fields": {"app_label": "shop", "model": "laptop"}}, {"model": "contenttypes.contenttype", "pk": 11, "fields": {"app_label": "shop", "model": "mobile"}}, {"model": "contenttypes.contenttype", "pk": 12, "fields": {"app_label": "shop", "model": "brand"}}, {"model": "contenttypes.contenttype", "pk": 13, "fields": {"app_label": "shop", "model": "header"}}, {"model": "contenttypes.contenttype", "pk": 14, "fields": {"app_label": "shop", "model": "special_off"}}, {"model": "sessions.session", "pk": "f2hj862iepxng35k8dzo92gq705ycb2q", "fields": {"session_data": ".eJxVjMsOwiAQRf-FtSHlDS7d-w0EZhipGkhKuzL-uzbpQrf3nHNfLKZtrXEbZYkzsjMT7PS75QSP0naA99RunUNv6zJnviv8oINfO5bn5XD_Dmoa9VtPhIC5oATwQEpIZ7QnAE0-KMjCOiMceiJAnbKfbAmkg5PZECpvib0_HIM5EA:1oyrGV:-3H6kWhYj26hLuI-VTW6uEmc0-O06KtKverZ_r8FE3g", "expire_date": "2022-12-10T09:14:27.739Z"}}, {"model": "sessions.session", "pk": "y940161aft2qhglrrksbqnt4ww6pyi6y", "fields": {"session_data": ".eJxVjMsOwiAQRf-FtSHlDS7d-w0EZhipGkhKuzL-uzbpQrf3nHNfLKZtrXEbZYkzsjMT7PS75QSP0naA99RunUNv6zJnviv8oINfO5bn5XD_Dmoa9VtPhIC5oATwQEpIZ7QnAE0-KMjCOiMceiJAnbKfbAmkg5PZECpvib0_HIM5EA:1p0ThE:UobVH7zTrddUawgL4KygWCGQvq-7uQ7xd7_DGik2WPo", "expire_date": "2022-12-14T20:28:44.551Z"}}]